-- --------------------------------------------------------
-- Хост:                         127.0.0.1
-- Версия сервера:               5.7.21-log - MySQL Community Server (GPL)
-- Операционная система:         Win32
-- HeidiSQL Версия:              9.5.0.5196
-- --------------------------------------------------------

/*!40101 SET @OLD_CHARACTER_SET_CLIENT=@@CHARACTER_SET_CLIENT */;
/*!40101 SET NAMES utf8 */;
/*!50503 SET NAMES utf8mb4 */;
/*!40014 SET @OLD_FOREIGN_KEY_CHECKS=@@FOREIGN_KEY_CHECKS, FOREIGN_KEY_CHECKS=0 */;
/*!40101 SET @OLD_SQL_MODE=@@SQL_MODE, SQL_MODE='NO_AUTO_VALUE_ON_ZERO' */;


-- Дамп структуры базы данных eatfit
DROP DATABASE IF EXISTS `eatfit`;
CREATE DATABASE IF NOT EXISTS `eatfit` /*!40100 DEFAULT CHARACTER SET cp1251 COLLATE cp1251_bin */;
USE `eatfit`;

-- Дамп структуры для таблица eatfit.category
DROP TABLE IF EXISTS `category`;
CREATE TABLE IF NOT EXISTS `category` (
  `id` bigint(20) NOT NULL AUTO_INCREMENT,
  `name` varchar(255) COLLATE cp1251_bin NOT NULL,
  PRIMARY KEY (`id`)
) ENGINE=InnoDB AUTO_INCREMENT=18 DEFAULT CHARSET=cp1251 COLLATE=cp1251_bin;

-- Дамп данных таблицы eatfit.category: ~17 rows (приблизительно)
/*!40000 ALTER TABLE `category` DISABLE KEYS */;
INSERT INTO `category` (`id`, `name`) VALUES
	(1, 'Мясо и мясопродукты'),
	(2, 'Рыба и рыбопродукты'),
	(3, 'Молоко и молочные  продукты'),
	(4, 'Хлеб и хлебобулочные продукты'),
	(5, 'Крупы'),
	(6, 'Макаронные изделия'),
	(7, 'Блюда из картофеля'),
	(8, 'Блюда из яиц'),
	(9, 'Супы'),
	(10, 'Овощи и фрукты'),
	(11, 'Пищевые жиры'),
	(12, 'Напитки'),
	(13, 'Кондитерские изделия'),
	(14, 'Майонезы, соусы'),
	(15, 'Алкоголь'),
	(16, 'Прочее'),
	(17, 'Грибы');
/*!40000 ALTER TABLE `category` ENABLE KEYS */;

-- Дамп структуры для таблица eatfit.dynamics
DROP TABLE IF EXISTS `dynamics`;
CREATE TABLE IF NOT EXISTS `dynamics` (
  `id` bigint(20) NOT NULL AUTO_INCREMENT,
  `id_user` bigint(20) NOT NULL,
  `weight` float NOT NULL,
  `dtweight` datetime NOT NULL,
  PRIMARY KEY (`id`)
) ENGINE=InnoDB DEFAULT CHARSET=cp1251 COLLATE=cp1251_bin;

-- Дамп данных таблицы eatfit.dynamics: ~0 rows (приблизительно)
/*!40000 ALTER TABLE `dynamics` DISABLE KEYS */;
/*!40000 ALTER TABLE `dynamics` ENABLE KEYS */;

-- Дамп структуры для таблица eatfit.food
DROP TABLE IF EXISTS `food`;
CREATE TABLE IF NOT EXISTS `food` (
  `id` bigint(20) NOT NULL AUTO_INCREMENT,
  `name` varchar(255) COLLATE cp1251_bin NOT NULL,
  `kkal` float NOT NULL,
  `protein` float DEFAULT NULL,
  `fat` float DEFAULT NULL,
  `carbs` float DEFAULT NULL,
  `id_category` bigint(20) NOT NULL DEFAULT '1',
  `updated` datetime DEFAULT NULL,
  PRIMARY KEY (`id`),
  KEY `FK_food_category` (`id_category`),
  CONSTRAINT `FK_food_category` FOREIGN KEY (`id_category`) REFERENCES `category` (`id`)
) ENGINE=InnoDB AUTO_INCREMENT=393 DEFAULT CHARSET=cp1251 COLLATE=cp1251_bin;

-- Дамп данных таблицы eatfit.food: ~392 rows (приблизительно)
/*!40000 ALTER TABLE `food` DISABLE KEYS */;
INSERT INTO `food` (`id`, `name`, `kkal`, `protein`, `fat`, `carbs`, `id_category`, `updated`) VALUES
	(1, 'Абрикосы', 45, 1, 0, 10, 10, '2018-05-04 12:21:21'),
	(2, 'Авокадо', 197, 2, 19, 7, 10, '2018-05-04 12:25:03'),
	(3, 'Аджика', 59, 2, 3, 8, 14, '2018-05-04 12:25:03'),
	(4, 'Айва', 41, 1, 0, 9, 10, '2018-05-04 12:25:03'),
	(5, 'Айсберг', 17, 1, 0, 2, 12, '2018-05-04 12:25:03'),
	(6, 'Активиа кефирная 1%', 39, 3, 1, 4, 3, '2018-05-04 12:25:03'),
	(7, 'Ананас', 50, 0, 0, 12, 10, '2018-05-04 12:25:03'),
	(8, 'Ананас консервированный', 65, 0, 0, 16, 10, '2018-05-04 12:25:03'),
	(9, 'Ананас цукаты', 78, 1, 2, 15, 13, '2018-05-04 12:25:03'),
	(10, 'Апельсин', 43, 2, 0, 9, 10, '2018-05-04 12:25:03'),
	(11, 'Апельсиновый сок', 44, 0, 0, 11, 12, '2018-05-04 12:25:03'),
	(12, 'Арахис', 561, 25, 46, 13, 10, '2018-05-04 12:25:03'),
	(13, 'Арахис в сахаре', 535, 18, 30, 51, 13, '2018-05-04 12:25:03'),
	(14, 'Базилик свежий', 27, 3, 1, 4, 10, '2018-05-04 12:25:03'),
	(15, 'Баклажаны', 27, 1, 0, 6, 10, '2018-05-04 12:25:03'),
	(16, 'Банан', 97, 3, 3, 22, 10, '2018-05-04 12:25:03'),
	(17, 'Баранина вареная', 286, 24, 21, 0, 1, '2018-05-04 12:25:03'),
	(18, 'Батон', 264, 8, 3, 49, 4, '2018-05-04 12:25:03'),
	(19, 'Бедро индейки', 143, 16, 9, 1, 1, '2018-05-04 12:25:03'),
	(20, 'Бекон', 469, 15, 45, 2, 1, '2018-05-04 12:25:03'),
	(21, 'Блины обычные', 178, 6, 6, 25, 4, '2018-05-04 12:25:03'),
	(22, 'Борщ лёгкий', 58, 3, 2, 9, 9, '2018-05-04 12:25:03'),
	(23, 'Брокколи', 33, 4, 1, 4, 10, '2018-05-04 12:25:03'),
	(24, 'Брусника', 42, 1, 0, 9, 10, '2018-05-04 12:25:03'),
	(25, 'Бульон из говядины', 57, 6, 4, 0, 9, '2018-05-04 12:25:03'),
	(26, 'Бульон из куриной грудки', 42, 7, 1, 0, 9, '2018-05-04 12:25:03'),
	(27, 'Бульон куриный', 33, 3, 2, 1, 9, '2018-05-04 12:25:03'),
	(28, 'Вареная говядина', 236, 23, 16, 0, 1, '2018-05-04 12:25:03'),
	(29, 'Вареная колбаса', 253, 12, 22, 1, 1, '2018-05-04 12:25:03'),
	(30, 'Вареная куриная грудка', 138, 27, 6, 1, 1, '2018-05-04 12:25:03'),
	(31, 'Вареная курица', 150, 19, 9, 0, 1, '2018-05-04 12:25:03'),
	(32, 'Вареная морковь', 31, 1, 0, 6, 10, '2018-05-04 12:25:03'),
	(33, 'Вареная чечевица', 111, 8, 0, 20, 5, '2018-05-04 12:25:03'),
	(34, 'Варёная сгущёнка', 326, 7, 9, 55, 13, '2018-05-04 12:25:03'),
	(35, 'Вермишель', 347, 11, 1, 72, 6, '2018-05-04 12:25:03'),
	(36, 'Ветчина', 246, 16, 19, 2, 1, '2018-05-04 12:25:03'),
	(37, 'Вино белое сухое', 67, 0, 0, 0, 15, '2018-05-04 12:25:03'),
	(38, 'Виноград', 69, 1, 1, 16, 10, '2018-05-04 12:25:03'),
	(39, 'Вино красное сухое', 70, 0, 0, 1, 15, '2018-05-04 12:25:03'),
	(40, 'Вишня', 54, 1, 0, 11, 10, '2018-05-04 12:25:03'),
	(41, 'Геркулес', 327, 12, 6, 56, 5, '2018-05-04 12:25:03'),
	(42, 'Говядина', 192, 20, 13, 0, 1, '2018-05-04 12:25:03'),
	(43, 'Говяжья печень', 110, 17, 3, 3, 1, '2018-05-04 12:25:03'),
	(44, 'Голень куриная', 168, 20, 9, 0, 1, '2018-05-04 12:25:03'),
	(45, 'Голландский сыр', 373, 24, 30, 0, 3, '2018-05-04 12:25:03'),
	(46, 'Голубика', 46, 1, 1, 9, 10, '2018-05-04 12:25:03'),
	(47, 'Горбуша', 143, 21, 7, 0, 2, '2018-05-04 12:25:03'),
	(48, 'Горох', 256, 19, 3, 42, 10, '2018-05-04 12:25:03'),
	(49, 'Гороховое пюре', 106, 8, 1, 23, 5, '2018-05-04 12:25:03'),
	(50, 'Горошек зеленый', 59, 4, 0, 10, 10, '2018-05-04 12:25:03'),
	(51, 'Горчица', 184, 8, 11, 13, 14, '2018-05-04 12:25:03'),
	(52, 'Гранат', 67, 2, 1, 14, 10, '2018-05-04 12:25:03'),
	(53, 'Грейпфрут', 41, 1, 0, 9, 10, '2018-05-04 12:25:03'),
	(54, 'Грецкие орехи', 697, 15, 65, 14, 10, '2018-05-04 12:25:03'),
	(55, 'Гречневая каша рассыпчатая', 131, 5, 1, 24, 5, '2018-05-04 12:25:03'),
	(56, 'Гречневая крупа', 329, 12, 4, 63, 5, '2018-05-04 12:25:03'),
	(57, 'Грибы белые', 28, 9, 2, 3, 17, '2018-05-04 12:25:03'),
	(58, 'Грибы белые сушеные', 239, 27, 7, 16, 17, '2018-05-04 12:25:03'),
	(59, 'Грибы грузди', 16, 2, 1, 1, 17, '2018-05-04 12:25:03'),
	(60, 'Грибы лисички', 20, 2, 1, 1, 17, '2018-05-04 12:25:03'),
	(61, 'Грибы маслята', 9, 2, 1, 1, 17, '2018-05-04 12:25:03'),
	(62, 'Грибы опята', 17, 2, 1, 1, 17, '2018-05-04 12:25:03'),
	(63, 'Грибы подберёзовики свежие', 17, 2, 1, 4, 17, '2018-05-04 12:25:03'),
	(64, 'Грибы подосиновики свежие', 26, 3, 1, 3, 17, '2018-05-04 12:25:03'),
	(65, 'Грибы рыжики', 17, 2, 1, 1, 17, '2018-05-04 12:25:03'),
	(66, 'Грибы шампиньоны', 22, 4, 1, 0, 17, '2018-05-04 12:25:03'),
	(67, 'Груша', 51, 1, 0, 12, 10, '2018-05-04 12:25:03'),
	(68, 'Груша (сухофрукты)', 246, 2, 0, 62, 10, '2018-05-04 12:25:03'),
	(69, 'Дайкон', 21, 1, 0, 4, 10, '2018-05-04 12:25:03'),
	(70, 'Джем мандариновый', 276, 0, 0, 72, 13, '2018-05-04 12:25:03'),
	(71, 'Дрожжи', 263, 29, 3, 23, 16, '2018-05-04 12:25:03'),
	(72, 'Дрожжи сухие', 410, 49, 6, 40, 16, '2018-05-04 12:25:03'),
	(73, 'Дыня', 35, 1, 0, 8, 10, '2018-05-04 12:25:03'),
	(74, 'Ежевика', 31, 2, 0, 5, 10, '2018-05-04 12:25:03'),
	(75, 'Жареное яйцо', 183, 14, 14, 1, 8, '2018-05-04 12:25:03'),
	(76, 'Желатин', 343, 86, 0, 1, 16, '2018-05-04 12:25:03'),
	(77, 'Зеленая фасоль', 30, 3, 0, 4, 10, '2018-05-04 12:25:03'),
	(78, 'Зеленый лук', 19, 1, 0, 4, 10, '2018-05-04 12:25:03'),
	(79, 'Зелень петрушки', 50, 4, 0, 8, 10, '2018-05-04 12:25:03'),
	(80, 'Зелёный горошек  Бондюэль ', 60, 5, 0, 8, 10, '2018-05-04 12:25:03'),
	(81, 'Зелёный горошек  Фрау Марта ', 40, 3, 0, 7, 10, '2018-05-04 12:25:03'),
	(82, 'Земляника', 38, 1, 0, 9, 10, '2018-05-04 12:25:03'),
	(83, 'Зефир бело-розовый', 304, 1, 0, 80, 13, '2018-05-04 12:25:03'),
	(84, 'Изюм', 280, 2, 0, 68, 10, '2018-05-04 12:25:03'),
	(85, 'Имбирь свежий', 72, 2, 1, 16, 10, '2018-05-04 12:25:03'),
	(86, 'Индейка (грудка)', 94, 19, 2, 0, 1, '2018-05-04 12:25:03'),
	(87, 'Индейка (филе)', 188, 20, 12, 0, 1, '2018-05-04 12:25:03'),
	(88, 'Инжир (сухофрукты)', 239, 3, 1, 57, 10, '2018-05-04 12:25:03'),
	(89, 'Йогурт Активия', 97, 4, 3, 11, 3, '2018-05-04 12:25:03'),
	(90, 'Кабачки жареные', 91, 1, 6, 7, 10, '2018-05-04 12:25:03'),
	(91, 'Кабачки цукини', 16, 2, 0, 3, 10, '2018-05-04 12:25:03'),
	(92, 'Кабачковая икра', 90, 1, 6, 7, 10, '2018-05-04 12:25:03'),
	(93, 'Кабачок', 28, 1, 1, 5, 10, '2018-05-04 12:25:03'),
	(94, 'Какао', 234, 14, 9, 26, 12, '2018-05-04 12:25:03'),
	(95, 'Какао порошок', 326, 23, 15, 29, 12, '2018-05-04 12:25:03'),
	(96, 'Кальмар', 97, 18, 2, 1, 2, '2018-05-04 12:25:03'),
	(97, 'Кальмар вареный', 103, 18, 3, 1, 2, '2018-05-04 12:25:03'),
	(98, 'Каперсы', 21, 2, 1, 4, 10, '2018-05-04 12:25:03'),
	(99, 'Капуста белокочаная', 28, 2, 0, 5, 10, '2018-05-04 12:25:03'),
	(100, 'Капуста белокочанная', 29, 2, 0, 6, 10, '2018-05-04 12:25:03'),
	(101, 'Капуста брокколи замороженая', 21, 2, 0, 4, 10, '2018-05-04 12:25:03'),
	(102, 'Капуста брюссельская', 47, 4, 0, 4, 10, '2018-05-04 12:25:03'),
	(103, 'Капуста жареная', 88, 3, 6, 8, 10, '2018-05-04 12:25:03'),
	(104, 'Капуста квашенная', 23, 2, 0, 3, 10, '2018-05-04 12:25:03'),
	(105, 'Капуста китайская', 16, 1, 0, 2, 10, '2018-05-04 12:25:03'),
	(106, 'Капуста кольраби', 42, 3, 0, 9, 10, '2018-05-04 12:25:03'),
	(107, 'Капуста краснокочанная', 29, 2, 0, 6, 10, '2018-05-04 12:25:03'),
	(108, 'Капуста морская', 58, 1, 5, 0, 10, '2018-05-04 12:25:03'),
	(109, 'Капуста пекинская', 15, 2, 0, 3, 10, '2018-05-04 12:25:03'),
	(110, 'Капуста цветная', 34, 3, 0, 5, 10, '2018-05-04 12:25:03'),
	(111, 'Картофель', 84, 2, 1, 20, 7, '2018-05-04 12:25:03'),
	(112, 'Картофель молодой', 61, 2, 0, 16, 7, '2018-05-04 12:25:03'),
	(113, 'Картофельные хлопья', 366, 8, 1, 83, 7, '2018-05-04 12:25:03'),
	(114, 'Картофель отварной', 83, 2, 1, 16, 7, '2018-05-04 12:25:03'),
	(115, 'Картофель печеный', 113, 3, 3, 22, 7, '2018-05-04 12:25:03'),
	(116, 'Картофель фри', 323, 4, 17, 40, 7, '2018-05-04 12:25:03'),
	(117, 'Картошка', 105, 2, 1, 21, 7, '2018-05-04 12:25:03'),
	(118, 'Каша рисовая', 130, 2, 3, 26, 5, '2018-05-04 12:25:03'),
	(119, 'Квас хлебный', 24, 0, 0, 5, 12, '2018-05-04 12:25:03'),
	(120, 'Кедровые орехи', 652, 15, 63, 17, 10, '2018-05-04 12:25:03'),
	(121, 'Кетчуп', 90, 5, 1, 16, 14, '2018-05-04 12:25:03'),
	(122, 'Кефир 1%', 45, 3, 1, 5, 3, '2018-05-04 12:25:03'),
	(123, 'Кефир 2,5%', 52, 3, 3, 4, 3, '2018-05-04 12:25:03'),
	(124, 'Кефир 3,2%', 58, 3, 3, 4, 3, '2018-05-04 12:25:03'),
	(125, 'Кешью', 607, 21, 48, 20, 10, '2018-05-04 12:25:03'),
	(126, 'Киви', 51, 1, 1, 10, 10, '2018-05-04 12:25:03'),
	(127, 'Клубника', 32, 1, 0, 7, 10, '2018-05-04 12:25:03'),
	(128, 'Клюква', 43, 0, 0, 9, 10, '2018-05-04 12:25:03'),
	(129, 'Клюква сушеная', 305, 0, 1, 70, 10, '2018-05-04 12:25:03'),
	(130, 'Козий сыр', 296, 19, 23, 2, 3, '2018-05-04 12:25:03'),
	(131, 'Колбаса вареная  докторская ', 254, 13, 22, 1, 1, '2018-05-04 12:25:03'),
	(132, 'Конфеты Батончики Рот Фронт с орехами', 379, 12, 32, 49, 13, '2018-05-04 12:25:03'),
	(133, 'Корень имбиря', 90, 2, 1, 18, 10, '2018-05-04 12:25:03'),
	(134, 'Корень сельдерея', 31, 1, 0, 6, 10, '2018-05-04 12:25:03'),
	(135, 'Коричневый сахар', 393, 0, 0, 92, 16, '2018-05-04 12:25:03'),
	(136, 'Корнишоны маринованные', 36, 1, 0, 4, 10, '2018-05-04 12:25:03'),
	(137, 'Котлеты полтавские', 415, 26, 32, 6, 1, '2018-05-04 12:25:03'),
	(138, 'Кофе молотый Арабика', 193, 12, 14, 3, 12, '2018-05-04 12:25:03'),
	(139, 'Кофе растворимый (сухой)', 116, 15, 4, 7, 12, '2018-05-04 12:25:03'),
	(140, 'Кофе эспрессо крепкий', 19, 1, 2, 0, 12, '2018-05-04 12:25:03'),
	(141, 'Кофе  якобз монарх  (растворимый)', 97, 15, 0, 8, 12, '2018-05-04 12:25:03'),
	(142, 'Крабовые палочки', 85, 8, 2, 10, 2, '2018-05-04 12:25:03'),
	(143, 'Краковская колбаса', 420, 17, 39, 0, 1, '2018-05-04 12:25:03'),
	(144, 'Красная фасоль консервированная', 99, 7, 0, 17, 10, '2018-05-04 12:25:03'),
	(145, 'Крахмал картофельный', 335, 0, 0, 82, 16, '2018-05-04 12:25:03'),
	(146, 'Крахмал кукурузный', 348, 1, 0, 87, 16, '2018-05-04 12:25:03'),
	(147, 'Краюшка', 226, 9, 1, 43, 4, '2018-05-04 12:25:03'),
	(148, 'Креветки (отварные)', 90, 18, 2, 0, 2, '2018-05-04 12:25:03'),
	(149, 'Крупа гречневая', 326, 12, 3, 65, 5, '2018-05-04 12:25:03'),
	(150, 'Крупа кукурузная', 337, 8, 1, 75, 5, '2018-05-04 12:25:03'),
	(151, 'Крупа манная', 330, 11, 1, 70, 5, '2018-05-04 12:25:03'),
	(152, 'Крупа овсяная', 342, 12, 6, 65, 5, '2018-05-04 12:25:03'),
	(153, 'Крупа перловая', 328, 10, 1, 65, 5, '2018-05-04 12:25:03'),
	(154, 'Крупа пшеничная', 322, 12, 2, 63, 5, '2018-05-04 12:25:03'),
	(155, 'Крупа рис длиннозерный пропаренный', 333, 7, 1, 74, 5, '2018-05-04 12:25:03'),
	(156, 'Крупа рисовая', 330, 7, 11, 63, 5, '2018-05-04 12:25:03'),
	(157, 'Крупа ячневая', 318, 10, 1, 59, 5, '2018-05-04 12:25:03'),
	(158, 'Крыжовник', 41, 1, 0, 10, 10, '2018-05-04 12:25:03'),
	(159, 'Кукуруза консервированная', 87, 3, 2, 17, 10, '2018-05-04 12:25:03'),
	(160, 'Кукурузные хлопья', 353, 6, 3, 73, 5, '2018-05-04 12:25:03'),
	(161, 'Кунжут', 562, 20, 50, 11, 10, '2018-05-04 12:25:03'),
	(162, 'Курага', 232, 5, 0, 54, 10, '2018-05-04 12:25:03'),
	(163, 'Куриная печень', 140, 19, 7, 1, 1, '2018-05-04 12:25:03'),
	(164, 'Куриные грудки', 144, 23, 6, 3, 1, '2018-05-04 12:25:03'),
	(165, 'Куриные окорочка', 170, 18, 11, 0, 1, '2018-05-04 12:25:03'),
	(166, 'Курица', 186, 21, 11, 1, 1, '2018-05-04 12:25:03'),
	(167, 'Кус-Кус (крупа)', 373, 13, 1, 77, 5, '2018-05-04 12:25:03'),
	(168, 'Лаваш грузинский', 269, 8, 2, 53, 4, '2018-05-04 12:25:03'),
	(169, 'Лайм', 20, 1, 0, 4, 10, '2018-05-04 12:25:03'),
	(170, 'Лапша гречневая', 348, 15, 1, 71, 5, '2018-05-04 12:25:03'),
	(171, 'Лапша рисовая', 350, 5, 1, 81, 6, '2018-05-04 12:25:03'),
	(172, 'Лапша яичная', 330, 10, 2, 64, 6, '2018-05-04 12:25:03'),
	(173, 'Лимон', 27, 1, 0, 4, 10, '2018-05-04 12:25:03'),
	(174, 'Лимонный сок', 20, 1, 0, 4, 12, '2018-05-04 12:25:03'),
	(175, 'Лосось', 172, 21, 10, 1, 2, '2018-05-04 12:25:03'),
	(176, 'Лук', 40, 1, 0, 9, 10, '2018-05-04 12:25:03'),
	(177, 'Лук зелёный перо', 16, 1, 0, 5, 10, '2018-05-04 12:25:03'),
	(178, 'Лук красный салатный', 42, 1, 0, 9, 10, '2018-05-04 12:25:03'),
	(179, 'Льняное масло', 849, 1, 92, 4, 11, '2018-05-04 12:25:03'),
	(180, 'Майонез', 550, 2, 57, 4, 14, '2018-05-04 12:25:03'),
	(181, 'Майонез 15%', 156, 0, 15, 5, 14, '2018-05-04 12:25:03'),
	(182, 'Майонез провансаль 67%', 619, 3, 369, 25, 14, '2018-05-04 12:25:03'),
	(183, 'Мак', 519, 17, 46, 8, 10, '2018-05-04 12:25:03'),
	(184, 'Макаронные изделия', 344, 10, 0, 72, 6, '2018-05-04 12:25:03'),
	(185, 'Макароны отварные', 119, 4, 1, 23, 6, '2018-05-04 12:25:03'),
	(186, 'Малина', 41, 4, 0, 9, 10, '2018-05-04 12:25:03'),
	(187, 'Манго', 62, 1, 0, 13, 10, '2018-05-04 12:25:03'),
	(188, 'Манго цукаты', 278, 0, 0, 60, 13, '2018-05-04 12:25:03'),
	(189, 'Мандарин', 40, 1, 1, 9, 10, '2018-05-04 12:25:03'),
	(190, 'Манная крупа', 334, 11, 1, 68, 5, '2018-05-04 12:25:03'),
	(191, 'Маргарин молочный', 745, 0, 82, 6, 11, '2018-05-04 12:25:03'),
	(192, 'Маргарин солнечный', 653, 0, 72, 0, 11, '2018-05-04 12:25:03'),
	(193, 'Мармелад', 302, 1, 0, 75, 13, '2018-05-04 12:25:03'),
	(194, 'Маслины', 167, 1, 14, 10, 10, '2018-05-04 12:25:03'),
	(195, 'Маслины без косточки', 133, 1, 13, 2, 10, '2018-05-04 12:25:03'),
	(196, 'Масло кукурузное', 916, 1, 101, 0, 11, '2018-05-04 12:25:03'),
	(197, 'Масло льняное', 895, 0, 96, 0, 11, '2018-05-04 12:25:03'),
	(198, 'Масло оливковое', 851, 1, 91, 3, 11, '2018-05-04 12:25:03'),
	(199, 'Масло подсолнечное', 864, 0, 96, 0, 11, '2018-05-04 12:25:03'),
	(200, 'Масло растительное', 897, 2, 97, 0, 11, '2018-05-04 12:25:03'),
	(201, 'Масло сливочное', 674, 1, 74, 1, 11, '2018-05-04 12:25:03'),
	(202, 'Масло топленое', 890, 0, 86, 0, 11, '2018-05-04 12:25:03'),
	(203, 'Мед', 315, 1, 0, 80, 16, '2018-05-04 12:25:03'),
	(204, 'Миндаль', 601, 18, 51, 16, 10, '2018-05-04 12:25:03'),
	(205, 'Молоко', 66, 7, 3, 7, 3, '2018-05-04 12:25:03'),
	(206, 'Молоко 0,5%', 35, 2, 1, 3, 3, '2018-05-04 12:25:03'),
	(207, 'Молоко 1,5%', 44, 3, 2, 5, 3, '2018-05-04 12:25:03'),
	(208, 'Молоко 2,5%', 64, 3, 3, 7, 3, '2018-05-04 12:25:03'),
	(209, 'Молоко 3,2%', 67, 3, 3, 8, 3, '2018-05-04 12:25:03'),
	(210, 'Молоко сгущёное', 317, 7, 9, 56, 3, '2018-05-04 12:25:03'),
	(211, 'Молоко сухое', 446, 31, 22, 36, 3, '2018-05-04 12:25:03'),
	(212, 'Морковь отварная', 32, 1, 0, 7, 10, '2018-05-04 12:25:03'),
	(213, 'Морковь печеная', 31, 1, 0, 7, 10, '2018-05-04 12:25:03'),
	(214, 'Морковь свежая', 35, 1, 0, 8, 10, '2018-05-04 12:25:03'),
	(215, 'Мороженое Пломбир', 245, 4, 15, 24, 13, '2018-05-04 12:25:03'),
	(216, 'Морская капуста', 37, 1, 2, 2, 10, '2018-05-04 12:25:03'),
	(217, 'Мука кукурузная', 333, 9, 3, 65, 5, '2018-05-04 12:25:03'),
	(218, 'Мука пшеничная в/с', 332, 10, 1, 71, 5, '2018-05-04 12:25:03'),
	(219, 'Мука ржаная', 307, 8, 2, 65, 5, '2018-05-04 12:25:03'),
	(220, 'Мюстли с фруктами', 314, 8, 2, 68, 10, '2018-05-04 12:25:03'),
	(221, 'Мясо свинина', 293, 26, 29, 7, 1, '2018-05-04 12:25:03'),
	(222, 'Мясо свинина постная', 151, 18, 8, 0, 1, '2018-05-04 12:25:03'),
	(223, 'Нектарин', 47, 1, 0, 11, 10, '2018-05-04 12:25:03'),
	(224, 'Облепиха', 47, 1, 2, 6, 10, '2018-05-04 12:25:03'),
	(225, 'Овощная смесь “Весенние овощи”', 30, 3, 0, 4, 10, '2018-05-04 12:25:03'),
	(226, 'Овсяная мука', 368, 13, 7, 65, 5, '2018-05-04 12:25:03'),
	(227, 'Овсянка', 271, 9, 5, 46, 5, '2018-05-04 12:25:03'),
	(228, 'Овсянные хлопья  геркулес ', 305, 11, 6, 51, 5, '2018-05-04 12:25:03'),
	(229, 'Огурцы', 19, 1, 0, 4, 10, '2018-05-04 12:25:03'),
	(230, 'Огурцы грунтовые', 14, 1, 0, 3, 10, '2018-05-04 12:25:03'),
	(231, 'Огурцы маринованные', 16, 2, 0, 2, 10, '2018-05-04 12:25:03'),
	(232, 'Огурцы солёные', 14, 1, 0, 2, 10, '2018-05-04 12:25:03'),
	(233, 'Оливки', 178, 1, 17, 5, 10, '2018-05-04 12:25:03'),
	(234, 'Оливки зеленые без косточки', 157, 1, 17, 0, 10, '2018-05-04 12:25:03'),
	(235, 'Омлет', 175, 10, 14, 3, 8, '2018-05-04 12:25:03'),
	(236, 'Орех грецкий', 671, 15, 64, 11, 10, '2018-05-04 12:25:03'),
	(237, 'Отруби овсяные', 305, 15, 7, 45, 5, '2018-05-04 12:25:03'),
	(238, 'Отруби пшеничные очищенные', 214, 13, 4, 23, 5, '2018-05-04 12:25:03'),
	(239, 'Отруби ржаные очищенные', 167, 12, 3, 9, 5, '2018-05-04 12:25:03'),
	(240, 'Паприка', 112, 3, 2, 7, 10, '2018-05-04 12:25:03'),
	(241, 'Патиссон', 19, 1, 0, 4, 10, '2018-05-04 12:25:03'),
	(242, 'Перепелиное яйцо', 167, 13, 13, 0, 8, '2018-05-04 12:25:03'),
	(243, 'Перец сладкий', 26, 1, 0, 5, 10, '2018-05-04 12:25:03'),
	(244, 'Перец чили', 40, 2, 0, 9, 10, '2018-05-04 12:25:03'),
	(245, 'Перловка (крупа)', 346, 10, 1, 76, 5, '2018-05-04 12:25:03'),
	(246, 'Перловка отварная', 121, 2, 0, 27, 5, '2018-05-04 12:25:03'),
	(247, 'Персики', 51, 1, 1, 12, 10, '2018-05-04 12:25:03'),
	(248, 'Персики (сухофрукты)', 168, 2, 0, 42, 10, '2018-05-04 12:25:03'),
	(249, 'Петрушка корень', 48, 2, 0, 11, 10, '2018-05-04 12:25:03'),
	(250, 'Петрушка свежая', 38, 3, 1, 7, 10, '2018-05-04 12:25:03'),
	(251, 'Печенье  Юбилейное  Молочное', 455, 8, 18, 66, 13, '2018-05-04 12:25:03'),
	(252, 'Печень куриная', 144, 27, 7, 1, 1, '2018-05-04 12:25:03'),
	(253, 'Пиво светлое', 50, 0, 0, 4, 15, '2018-05-04 12:25:03'),
	(254, 'Плавленный сыр', 280, 15, 20, 2, 3, '2018-05-04 12:25:03'),
	(255, 'Помидоры консервированные', 23, 1, 0, 5, 10, '2018-05-04 12:25:03'),
	(256, 'Помидоры свежие', 33, 4, 1, 3, 10, '2018-05-04 12:25:03'),
	(257, 'Простокваша', 52, 3, 3, 4, 3, '2018-05-04 12:25:03'),
	(258, 'Пшено', 337, 11, 3, 68, 5, '2018-05-04 12:25:03'),
	(259, 'Ревень черешковый', 16, 1, 0, 4, 10, '2018-05-04 12:25:03'),
	(260, 'Редис', 20, 1, 0, 4, 10, '2018-05-04 12:25:03'),
	(261, 'Редька', 35, 2, 0, 7, 10, '2018-05-04 12:25:03'),
	(262, 'Редька зеленая', 35, 2, 0, 7, 10, '2018-05-04 12:25:03'),
	(263, 'Репа', 29, 1, 0, 5, 10, '2018-05-04 12:25:03'),
	(264, 'Рис', 331, 7, 1, 75, 5, '2018-05-04 12:25:03'),
	(265, 'Рис отварной', 134, 4, 1, 25, 5, '2018-05-04 12:25:03'),
	(266, 'Рожки отварные', 115, 3, 0, 24, 6, '2018-05-04 12:25:03'),
	(267, 'Рожки (сухой продукт)', 344, 11, 1, 72, 6, '2018-05-04 12:25:03'),
	(268, 'Руккола', 24, 2, 1, 2, 10, '2018-05-04 12:25:03'),
	(269, 'Рыба скумбрия', 187, 16, 13, 1, 2, '2018-05-04 12:25:03'),
	(270, 'Рыба треска', 80, 17, 1, 0, 2, '2018-05-04 12:25:03'),
	(271, 'Рябина черноплодная', 54, 2, 0, 12, 10, '2018-05-04 12:25:03'),
	(272, 'Ряженка', 62, 3, 3, 4, 3, '2018-05-04 12:25:03'),
	(273, 'Салат лист', 16, 1, 0, 2, 10, '2018-05-04 12:25:03'),
	(274, 'Сахар песок', 396, 0, 0, 109, 16, '2018-05-04 12:25:03'),
	(275, 'Свежая капуста', 25, 2, 0, 5, 10, '2018-05-04 12:25:03'),
	(276, 'Свежий укроп', 38, 3, 1, 6, 10, '2018-05-04 12:25:03'),
	(277, 'Свекла', 61, 2, 1, 12, 10, '2018-05-04 12:25:03'),
	(278, 'Свекла отварная', 50, 2, 0, 10, 10, '2018-05-04 12:25:03'),
	(279, 'Свинина', 304, 16, 27, 0, 1, '2018-05-04 12:25:03'),
	(280, 'Сельдерей', 13, 1, 0, 3, 10, '2018-05-04 12:25:03'),
	(281, 'Сельдерей стебель', 11, 1, 0, 2, 10, '2018-05-04 12:25:03'),
	(282, 'Сельдь атлантическая жирная', 204, 15, 15, 0, 2, '2018-05-04 12:25:03'),
	(283, 'Семена тыквы неочищенные с солью', 596, 29, 47, 13, 10, '2018-05-04 12:25:03'),
	(284, 'Семечки подсолнечные', 583, 26, 50, 9, 10, '2018-05-04 12:25:03'),
	(285, 'Сладкая кукуруза в початках', 124, 4, 3, 21, 10, '2018-05-04 12:25:03'),
	(286, 'Слива садовая', 45, 1, 0, 10, 10, '2018-05-04 12:25:03'),
	(287, 'Сливки 10%', 118, 3, 10, 4, 3, '2018-05-04 12:25:03'),
	(288, 'Сливки 20%', 206, 3, 20, 4, 3, '2018-05-04 12:25:03'),
	(289, 'Сливки 22%', 224, 3, 22, 4, 3, '2018-05-04 12:25:03'),
	(290, 'Сливки 33%', 322, 2, 33, 4, 3, '2018-05-04 12:25:03'),
	(291, 'Смесь орехов и сухофруктов экзотик', 466, 8, 26, 52, 10, '2018-05-04 12:25:03'),
	(292, 'Сметана 10 %', 117, 3, 10, 4, 3, '2018-05-04 12:25:03'),
	(293, 'Сметана 15%', 159, 3, 15, 4, 3, '2018-05-04 12:25:03'),
	(294, 'Сметана 20%', 204, 3, 19, 6, 3, '2018-05-04 12:25:03'),
	(295, 'Сметана 30 %', 291, 2, 30, 3, 3, '2018-05-04 12:25:03'),
	(296, 'Смородина красная', 40, 1, 0, 8, 10, '2018-05-04 12:25:03'),
	(297, 'Смородина чёрная', 41, 1, 0, 9, 10, '2018-05-04 12:25:03'),
	(298, 'Соевый соус', 36, 5, 0, 22, 14, '2018-05-04 12:25:03'),
	(299, 'Сок апельсиновый', 47, 1, 0, 11, 12, '2018-05-04 12:25:03'),
	(300, 'Сок грейпфрутовый', 44, 0, 0, 10, 12, '2018-05-04 12:25:03'),
	(301, 'Сок лайма', 22, 1, 0, 6, 12, '2018-05-04 12:25:03'),
	(302, 'Сок лимона', 18, 1, 0, 3, 12, '2018-05-04 12:25:03'),
	(303, 'Сок лимонный', 29, 1, 0, 5, 12, '2018-05-04 12:25:03'),
	(304, 'Сок мандарина', 43, 1, 0, 10, 12, '2018-05-04 12:25:03'),
	(305, 'Сок свекольный', 61, 1, 0, 14, 12, '2018-05-04 12:25:03'),
	(306, 'Сок томатный', 21, 0, 0, 5, 12, '2018-05-04 12:25:03'),
	(307, 'Сок яблочный', 44, 0, 0, 10, 12, '2018-05-04 12:25:03'),
	(308, 'Соленый огурец', 14, 1, 0, 3, 10, '2018-05-04 12:25:03'),
	(309, 'Соус соевый', 53, 4, 0, 10, 14, '2018-05-04 12:25:03'),
	(310, 'Соя', 359, 34, 12, 27, 5, '2018-05-04 12:25:03'),
	(311, 'Спагетти отварные', 223, 7, 1, 46, 6, '2018-05-04 12:25:03'),
	(312, 'Спагетти (сухой продукт)', 344, 10, 1, 72, 6, '2018-05-04 12:25:03'),
	(313, 'Сухари панировочные', 362, 12, 2, 74, 4, '2018-05-04 12:25:03'),
	(314, 'Сыворотка', 22, 1, 0, 4, 3, '2018-05-04 12:25:03'),
	(315, 'Сыр 45%', 336, 26, 26, 0, 3, '2018-05-04 12:25:03'),
	(316, 'Сыр 50%  Сливочный ', 288, 23, 28, 0, 3, '2018-05-04 12:25:03'),
	(317, 'Сыр Адыгейский', 224, 18, 16, 0, 1, '2018-05-04 12:25:03'),
	(318, 'Сыр гауда', 350, 24, 27, 2, 3, '2018-05-04 12:25:03'),
	(319, 'Сыр  Лёгкий ', 300, 23, 17, 0, 3, '2018-05-04 12:25:03'),
	(320, 'Сырок плавленный  Дружба ', 178, 6, 19, 0, 3, '2018-05-04 12:25:03'),
	(321, 'Сыр  российский ', 361, 23, 29, 0, 3, '2018-05-04 12:25:03'),
	(322, 'Сыр твердый', 358, 25, 27, 2, 3, '2018-05-04 12:25:03'),
	(323, 'Тархун', 41, 0, 0, 10, 12, '2018-05-04 12:25:03'),
	(324, 'Творог 0%', 75, 16, 0, 2, 3, '2018-05-04 12:25:03'),
	(325, 'Творог 1%', 82, 17, 1, 2, 3, '2018-05-04 12:25:03'),
	(326, 'Творог 10%', 150, 15, 9, 2, 3, '2018-05-04 12:25:03'),
	(327, 'Творог 5 %', 122, 17, 5, 2, 3, '2018-05-04 12:25:03'),
	(328, 'Творог 9%', 153, 16, 8, 3, 3, '2018-05-04 12:25:03'),
	(329, 'Творожная масса с цукатами', 349, 7, 21, 33, 3, '2018-05-04 12:25:03'),
	(330, 'Тесто дрожжевое', 238, 7, 4, 43, 4, '2018-05-04 12:25:03'),
	(331, 'Тесто слоеное дрожжевое', 356, 7, 19, 40, 4, '2018-05-04 12:25:03'),
	(332, 'Тесто слоёное бездрожжевое', 335, 6, 18, 38, 4, '2018-05-04 12:25:03'),
	(333, 'Томат', 27, 1, 0, 5, 10, '2018-05-04 12:25:03'),
	(334, 'Томатная паста помидорка', 77, 1, 0, 15, 14, '2018-05-04 12:25:03'),
	(335, 'Томатный сок', 25, 1, 0, 4, 12, '2018-05-04 12:25:03'),
	(336, 'Томаты (парниковые)', 14, 1, 0, 3, 10, '2018-05-04 12:25:03'),
	(337, 'Томаты черри', 17, 1, 0, 3, 10, '2018-05-04 12:25:03'),
	(338, 'Треска филе', 78, 17, 1, 0, 2, '2018-05-04 12:25:03'),
	(339, 'Тушенка говядина высший сорт', 213, 15, 17, 0, 1, '2018-05-04 12:25:03'),
	(340, 'Тыква', 22, 1, 0, 5, 10, '2018-05-04 12:25:03'),
	(341, 'Укроп', 38, 3, 1, 6, 10, '2018-05-04 12:25:03'),
	(342, 'Уксус столовый 6-7%', 13, 0, 0, 6, 16, '2018-05-04 12:25:03'),
	(343, 'Урюк (сухофрукты)', 213, 5, 0, 51, 10, '2018-05-04 12:25:03'),
	(344, 'Фарш говяжий', 214, 18, 16, 0, 1, '2018-05-04 12:25:03'),
	(345, 'Фарш куриный', 166, 19, 10, 0, 1, '2018-05-04 12:25:03'),
	(346, 'Фасоль', 263, 18, 1, 44, 10, '2018-05-04 12:25:03'),
	(347, 'Фасоль  Бондюэль ', 74, 7, 0, 10, 10, '2018-05-04 12:25:03'),
	(348, 'Фасоль стручковая', 29, 2, 0, 4, 10, '2018-05-04 12:25:03'),
	(349, 'Фасоль стручковая замороженная', 26, 2, 0, 4, 10, '2018-05-04 12:25:03'),
	(350, 'Фасоль Фрау Марта', 92, 6, 1, 16, 10, '2018-05-04 12:25:03'),
	(351, 'Фасоль  Фрау Марта  в томатном соусе', 86, 5, 0, 15, 10, '2018-05-04 12:25:03'),
	(352, 'Фасоль Фрау Марта Лобио', 80, 5, 1, 13, 10, '2018-05-04 12:25:03'),
	(353, 'Фенхель', 31, 1, 0, 7, 10, '2018-05-04 12:25:03'),
	(354, 'Филе куринное', 114, 23, 2, 0, 1, '2018-05-04 12:25:03'),
	(355, 'Филе куриной грудки', 109, 22, 2, 0, 1, '2018-05-04 12:25:03'),
	(356, 'Финики (сухофрукты)', 280, 2, 0, 72, 10, '2018-05-04 12:25:03'),
	(357, 'Фруктоза', 390, 0, 0, 100, 12, '2018-05-04 12:25:03'),
	(358, 'Фундук', 665, 15, 62, 11, 10, '2018-05-04 12:25:03'),
	(359, 'Хлеб белый', 254, 8, 3, 54, 4, '2018-05-04 12:25:03'),
	(360, 'Хлеб  бородинский ', 210, 7, 1, 42, 4, '2018-05-04 12:25:03'),
	(361, 'Хлеб пшеничный', 263, 8, 3, 50, 4, '2018-05-04 12:25:03'),
	(362, 'Хлеб ржаной', 187, 7, 1, 36, 4, '2018-05-04 12:25:03'),
	(363, 'Хлебцы пшеничные', 305, 12, 2, 60, 4, '2018-05-04 12:25:03'),
	(364, 'Хлопья кукурузные', 373, 7, 1, 84, 5, '2018-05-04 12:25:03'),
	(365, 'Хлопья овсяные', 308, 12, 6, 52, 5, '2018-05-04 12:25:03'),
	(366, 'Хрен', 113, 3, 5, 14, 10, '2018-05-04 12:25:03'),
	(367, 'Хурма', 65, 1, 0, 15, 10, '2018-05-04 12:25:03'),
	(368, 'Цветная капуста отварная', 29, 2, 0, 4, 10, '2018-05-04 12:25:03'),
	(369, 'Цедра апельсина', 36, 1, 0, 6, 10, '2018-05-04 12:25:03'),
	(370, 'Цедра лимона', 28, 1, 0, 4, 10, '2018-05-04 12:25:03'),
	(371, 'Цукаты', 224, 3, 0, 56, 10, '2018-05-04 12:25:03'),
	(372, 'Цукини', 18, 2, 0, 3, 10, '2018-05-04 12:25:03'),
	(373, 'Черемша', 37, 2, 0, 7, 10, '2018-05-04 12:25:03'),
	(374, 'Черешня', 51, 1, 0, 12, 10, '2018-05-04 12:25:03'),
	(375, 'Черника', 39, 1, 0, 9, 10, '2018-05-04 12:25:03'),
	(376, 'Чернослив (сухофрукты)', 256, 3, 0, 62, 10, '2018-05-04 12:25:03'),
	(377, 'Чеснок', 115, 6, 0, 23, 10, '2018-05-04 12:25:03'),
	(378, 'Чечевица зелёная', 286, 24, 2, 44, 5, '2018-05-04 12:25:03'),
	(379, 'Чечевица красная', 312, 22, 1, 49, 5, '2018-05-04 12:25:03'),
	(380, 'Шампиньоны', 26, 4, 1, 1, 17, '2018-05-04 12:25:03'),
	(381, 'Шампиньоны замороженные', 27, 3, 0, 1, 17, '2018-05-04 12:25:03'),
	(382, 'Шампиньоны резанные консервированные', 16, 2, 1, 1, 17, '2018-05-04 12:25:03'),
	(383, 'Шелковица', 52, 1, 0, 13, 10, '2018-05-04 12:25:03'),
	(384, 'Шиповник сушёный', 253, 4, 0, 60, 10, '2018-05-04 12:25:03'),
	(385, 'Шоколад горький 75%', 550, 9, 41, 39, 13, '2018-05-04 12:25:03'),
	(386, 'Шоколад горький 80%', 527, 12, 39, 34, 13, '2018-05-04 12:25:03'),
	(387, 'Шоколад молочный', 539, 7, 34, 52, 13, '2018-05-04 12:25:03'),
	(388, 'Шпинат', 22, 3, 0, 2, 10, '2018-05-04 12:25:03'),
	(389, 'Щавель', 25, 2, 0, 5, 10, '2018-05-04 12:25:03'),
	(390, 'Яблоки', 60, 1, 1, 13, 10, '2018-05-04 12:25:03'),
	(391, 'Яблоки сушёные (сухофрукты)', 269, 3, 0, 66, 10, '2018-05-04 12:25:03'),
	(392, 'Яйца', 162, 15, 13, 1, 8, '2018-05-04 12:25:03');
/*!40000 ALTER TABLE `food` ENABLE KEYS */;

-- Дамп структуры для таблица eatfit.meals
DROP TABLE IF EXISTS `meals`;
CREATE TABLE IF NOT EXISTS `meals` (
  `id` bigint(20) NOT NULL AUTO_INCREMENT,
  `dtmeal` datetime NOT NULL,
  `id_user` bigint(20) NOT NULL,
  `id_mealtype` bigint(20) NOT NULL,
  `id_food` bigint(20) NOT NULL,
  `amount` float NOT NULL,
  `kkal` float NOT NULL,
  `id_units` bigint(20) NOT NULL,
  PRIMARY KEY (`id`),
  KEY `FK_meals_user` (`id_user`),
  KEY `FK_meals_mealtypes` (`id_mealtype`),
  KEY `FK_meals_food` (`id_food`),
  KEY `FK_meals_units` (`id_units`),
  CONSTRAINT `FK_meals_food` FOREIGN KEY (`id_food`) REFERENCES `food` (`id`),
  CONSTRAINT `FK_meals_mealtypes` FOREIGN KEY (`id_mealtype`) REFERENCES `mealtypes` (`id`),
  CONSTRAINT `FK_meals_units` FOREIGN KEY (`id_units`) REFERENCES `units` (`id`),
  CONSTRAINT `FK_meals_user` FOREIGN KEY (`id_user`) REFERENCES `user` (`id`)
) ENGINE=InnoDB AUTO_INCREMENT=8 DEFAULT CHARSET=cp1251 COLLATE=cp1251_bin;

-- Дамп данных таблицы eatfit.meals: ~7 rows (приблизительно)
/*!40000 ALTER TABLE `meals` DISABLE KEYS */;
INSERT INTO `meals` (`id`, `dtmeal`, `id_user`, `id_mealtype`, `id_food`, `amount`, `kkal`, `id_units`) VALUES
	(1, '2018-05-04 16:01:22', 3, 1, 4, 100, 41, 1),
	(2, '2018-05-04 16:02:22', 3, 2, 118, 200, 259, 1),
	(3, '2018-05-04 16:02:54', 3, 3, 113, 500, 1829, 1),
	(4, '2018-05-04 16:03:26', 3, 5, 236, 100, 671, 1),
	(5, '2018-05-04 16:04:46', 2, 2, 7, 300, 149, 1),
	(6, '2018-05-04 16:05:21', 2, 3, 111, 1500, 1259, 1),
	(7, '2018-05-04 16:05:50', 2, 4, 210, 1, 729, 3);
/*!40000 ALTER TABLE `meals` ENABLE KEYS */;

-- Дамп структуры для таблица eatfit.mealtypes
DROP TABLE IF EXISTS `mealtypes`;
CREATE TABLE IF NOT EXISTS `mealtypes` (
  `id` bigint(20) NOT NULL AUTO_INCREMENT,
  `name` varchar(100) COLLATE cp1251_bin NOT NULL,
  PRIMARY KEY (`id`)
) ENGINE=InnoDB AUTO_INCREMENT=6 DEFAULT CHARSET=cp1251 COLLATE=cp1251_bin;

-- Дамп данных таблицы eatfit.mealtypes: ~5 rows (приблизительно)
/*!40000 ALTER TABLE `mealtypes` DISABLE KEYS */;
INSERT INTO `mealtypes` (`id`, `name`) VALUES
	(1, 'завтрак'),
	(2, 'обед'),
	(3, 'ужин'),
	(4, 'перекус'),
	(5, 'ночной дожор');
/*!40000 ALTER TABLE `mealtypes` ENABLE KEYS */;

-- Дамп структуры для таблица eatfit.roles
DROP TABLE IF EXISTS `roles`;
CREATE TABLE IF NOT EXISTS `roles` (
  `id` bigint(20) NOT NULL AUTO_INCREMENT,
  `name` varchar(20) COLLATE cp1251_bin DEFAULT NULL,
  PRIMARY KEY (`id`)
) ENGINE=InnoDB AUTO_INCREMENT=6 DEFAULT CHARSET=cp1251 COLLATE=cp1251_bin;

-- Дамп данных таблицы eatfit.roles: ~5 rows (приблизительно)
/*!40000 ALTER TABLE `roles` DISABLE KEYS */;
INSERT INTO `roles` (`id`, `name`) VALUES
	(1, 'подписчик'),
	(2, 'пользователь'),
	(3, 'автор'),
	(4, 'редактор'),
	(5, 'администратор');
/*!40000 ALTER TABLE `roles` ENABLE KEYS */;

-- Дамп структуры для таблица eatfit.statuses
DROP TABLE IF EXISTS `statuses`;
CREATE TABLE IF NOT EXISTS `statuses` (
  `id` bigint(20) NOT NULL AUTO_INCREMENT,
  `name` varchar(20) COLLATE cp1251_bin DEFAULT NULL,
  PRIMARY KEY (`id`)
) ENGINE=InnoDB AUTO_INCREMENT=5 DEFAULT CHARSET=cp1251 COLLATE=cp1251_bin;

-- Дамп данных таблицы eatfit.statuses: ~4 rows (приблизительно)
/*!40000 ALTER TABLE `statuses` DISABLE KEYS */;
INSERT INTO `statuses` (`id`, `name`) VALUES
	(1, 'Активен'),
	(2, 'Деактивирован'),
	(3, 'Забанен'),
	(4, 'Приглашен');
/*!40000 ALTER TABLE `statuses` ENABLE KEYS */;

-- Дамп структуры для таблица eatfit.units
DROP TABLE IF EXISTS `units`;
CREATE TABLE IF NOT EXISTS `units` (
  `id` bigint(20) NOT NULL AUTO_INCREMENT,
  `name` varchar(50) COLLATE cp1251_bin NOT NULL,
  `pergramms` float DEFAULT NULL,
  `shortname` varchar(20) COLLATE cp1251_bin DEFAULT NULL,
  PRIMARY KEY (`id`)
) ENGINE=InnoDB AUTO_INCREMENT=8 DEFAULT CHARSET=cp1251 COLLATE=cp1251_bin;

-- Дамп данных таблицы eatfit.units: ~7 rows (приблизительно)
/*!40000 ALTER TABLE `units` DISABLE KEYS */;
INSERT INTO `units` (`id`, `name`, `pergramms`, `shortname`) VALUES
	(1, 'грамм', 0.01, 'гр'),
	(2, 'килограмм', 10, 'кг'),
	(3, 'стакан', 2.3, 'стак.'),
	(4, 'столовая ложка', 0.25, 'ст.л.'),
	(5, 'чайная ложка', 0.1, 'ч.л.'),
	(6, 'литр', 10, 'л'),
	(7, 'милилитр', 0.01, 'мл');
/*!40000 ALTER TABLE `units` ENABLE KEYS */;

-- Дамп структуры для таблица eatfit.user
DROP TABLE IF EXISTS `user`;
CREATE TABLE IF NOT EXISTS `user` (
  `id` bigint(20) NOT NULL AUTO_INCREMENT,
  `login` varchar(20) COLLATE cp1251_bin NOT NULL,
  `password` varchar(20) COLLATE cp1251_bin NOT NULL,
  `name` varchar(100) COLLATE cp1251_bin DEFAULT NULL,
  `gender` tinyint(4) DEFAULT NULL,
  `birthdate` date DEFAULT NULL,
  `weight` float DEFAULT NULL,
  `height` float DEFAULT NULL,
  `goal` varchar(255) COLLATE cp1251_bin DEFAULT NULL,
  `activity` varchar(255) COLLATE cp1251_bin DEFAULT NULL,
  `created` datetime NOT NULL,
  `updated` datetime DEFAULT NULL,
  `id_role` bigint(20) NOT NULL DEFAULT '1',
  `id_status` bigint(20) NOT NULL DEFAULT '1',
  PRIMARY KEY (`id`),
  KEY `FK_user_roles` (`id_role`),
  KEY `FK_user_statuses` (`id_status`),
  CONSTRAINT `FK_user_roles` FOREIGN KEY (`id_role`) REFERENCES `roles` (`id`),
  CONSTRAINT `FK_user_statuses` FOREIGN KEY (`id_status`) REFERENCES `statuses` (`id`)
) ENGINE=InnoDB AUTO_INCREMENT=4 DEFAULT CHARSET=cp1251 COLLATE=cp1251_bin;

-- Дамп данных таблицы eatfit.user: ~3 rows (приблизительно)
/*!40000 ALTER TABLE `user` DISABLE KEYS */;
INSERT INTO `user` (`id`, `login`, `password`, `name`, `gender`, `birthdate`, `weight`, `height`, `goal`, `activity`, `created`, `updated`, `id_role`, `id_status`) VALUES
	(1, 'someone', '123456789', 'John Smith', 1, '2000-05-04', 150, 200, 'loose 50 kilos', 'not active at all', '2018-05-04 15:44:53', NULL, 1, 1),
	(2, 'somebody', '1111aaaa', 'Иван Иванов', 1, '1978-08-12', 70, 180, 'набрать вес', 'активный', '2018-05-04 15:46:56', NULL, 1, 1),
	(3, 'girl', '0000bbbb', 'Анна Иванова', 2, '1988-05-13', 45, 165, 'набрать вес 5 кг', 'гиперактивный', '2018-05-04 15:59:34', NULL, 1, 1);
/*!40000 ALTER TABLE `user` ENABLE KEYS */;

/*!40101 SET SQL_MODE=IFNULL(@OLD_SQL_MODE, '') */;
/*!40014 SET FOREIGN_KEY_CHECKS=IF(@OLD_FOREIGN_KEY_CHECKS IS NULL, 1, @OLD_FOREIGN_KEY_CHECKS) */;
/*!40101 SET CHARACTER_SET_CLIENT=@OLD_CHARACTER_SET_CLIENT */;
